-- Intégration des données du menu

INSERT INTO `Menu`(`men_id`, `men_nom`, `men_description`) VALUES
(1, 'CARTE SUR PLACE', 'Carte été 2023'),
(2, 'CARTE DES BOISSONS', 'Carte des boissons été 2023');

INSERT INTO `Categorie`(`cat_id`, `cat_men_id`, `cat_nom`) VALUES
(1, '1', 'TAPAS'),
(2, '1', 'SALADES'),
(3, '1', 'CARPACCIOS'),
(4, '1', 'LES ACCOMPAGNEMENTS'),
(5, '1', 'SAUCES MAMA BETTY'),
(6, '1', 'LE MEILLEUR DU BOEUF'),
(7,'1', 'SIGNATURE'),
(8,'1', 'NOS BURGERS'),
(9, '1', 'MENU KIDS'),
(10, '1', 'NOS DESSERTS'),
(11, '1', 'GLACES ET SORBETS'),
(12,'2', 'COCKTAILS'),
(13, '2', 'BIERES'),
(14, '2', 'SOFT'),
(15, '2', 'APERITIFS'),
(16, '2', 'PONY EXPRESS'),
(17, '2', 'VIN AU VERRE & PICHET'),
(18, '2', 'LES VINS ROUGES'),
(19, '2', 'LES VINS BLANCS'),
(20, '2', 'LES ROSÉS'),
(21,'2', 'CHAMPAGNE'),
(22, '2', 'LES DIGESTIFS'),
(23, '2', 'BOISSONS CHAUDES');

INSERT INTO `Plat`(`pla_id`, `pla_cat_id`, `pla_image`, `pla_nom`, `pla_description`, `pla_prix`, `pla_prix2`, `pla_prix3`) VALUES
(1, '1', NULL, 'TORTILLA CHILLI ET GUACAMOLE', 'Chips de maïs, sauce guacamole.', '5.90', NULL ),
(2, '1', NULL, 'NACHOS, SAUCE CHEDDAR ET SALSA', 'Chips de maïs, délicate sauce cheddar, jalapenos, poivron, coriandre, citron vert.', '8.90', NULL),
(3, '1', NULL, 'CHICKEN WINGS', 'Ailes de poulet grillés et croustillantes, sauce BBQ (6 pièces)', '9.50',  NULL),
(4, '1', NULL, 'MAMA GUMP SHRIMP', 'Crevettes panées tempura, mayo épicée maison, oignons cébette et citron vert.', '12.90',        NULL),
(5, '1', NULL, 'MIX TAPAS', 'Onions rings, chiken wings, nachos chilli & sauce BBQ, croustillants veggies dips de legumes & sauce césar maison.', '19.50', NULL),
(6, '2', 'image/fdjS15.webp', 'CÉSAR PALACE', 'Salade romaine, tomate cerise, croutons à l''ail, oignons rouge, parmesan, sauce césar maison', NULL, NULL),
(7, '2', NULL, 'POKE BOWL', 'Riz au vinaigre, thon rouge mariné soja, Edamame, ananas, carotte, concombre, radis, graine de sésame, coriandre, menthe, feuille de nori, vinaigrette japonaise', '16.50', NULL),
(8, '2', NULL, 'BURRATA WIT LOVE', 'Salade de jeunes pousses, roquette, burrata crémeuse, fraises, tomates cerises, tagliatelles de courgettes, basilic, oignons à l''italienne, vinaigrette fraise-basilic.', '15.90', NULL),
(9, '3', NULL, 'GINO', 'Carpaccio de boeuf et tartare, câpres, cébette, parmesan, pesto, roquette, frites fraîches.', '16.90', NULL),
(10,'3', NULL, 'CHICAGO BALL', 'Carpaccio de boeuf, Burrata crémeuse, câpres, cébette, pesto, roquette, frites fraîches.', '16.90', NULL),
(11, '4', NULL, 'FRITES FRAÎCHES BETTY', NULL, NULL, NULL),
(12, '4', NULL, 'LÉGUMES DE SAISON À LA BRAISE', NULL, NULL, NULL),
(13, '4', NULL, 'MAC AND CHEESE', 'gratin de Macaroni au cheddar', NULL, NULL),
(14, '4', NULL, 'MESCLUN', 'mélange de jeunes pousses', NULL, NULL),
(15, '4', NULL, 'PATATE DOUCE AU FOUR', 'sauce yaourt et herbes fraiches', NULL, NULL),
(16, '4', NULL, NULL, 'Pour tout accompagnement supplémentaire', '4.00', NULL),
(17, '5', NULL, 'SMOKY BBQ', 'sauce barbecue fumée', NULL, NULL),
(18, '5', NULL, 'OLD PEPPER', 'sauce poivre et whiskey', NULL, NULL),
(19, '5', NULL, 'BLUE STILTON', 'sauce au fromage bleu', NULL, NULL),
(20, '5', NULL, 'KING TARRAGON', 'sauce béarnaise', NULL, NULL),
(21, '5', NULL, NULL, 'Pour toute sauce supplémentaire', '2.00', NULL),
(22, '6', NULL, '"ZE" STEAK HACHÉ', 'Boeuf 100% terroire dans la pure tradition avec oeuf à cheval et lard grillé.', '13.90', NULL),
(23, '6', NULL, 'AUTHENTIC TARTARE', 'Tartare de boeuf Charolais au couteau préparé par nos soins ... Accompagné de nos frites maison', '16.50', NULL),
(24, '6', NULL, 'MONSTRUOUS AUTHENTIC TARTARE', 'Pareil que Authentic tartare mais pour les balaises!!', '25.90', NULL),
(25, '6', NULL, 'BIGGIE', 'BAVETTE Angus fondante et parfumée, texture savoureuse avec ses échalotes confites.', '18.50', NULL),
(26, '6', NULL, 'SPURS N°9', 'Savoureuse brochette de coeur de rumsteack Angus mariné, poivrons de Padron, sauce chimichurri.', '18.50', NULL),
(27, '6', NULL, 'PICANHA ANGUS', 'Comment vous dire.... c''est comme un magret...mais de boeuf!!', '19.90', NULL),
(28, '6', NULL, 'NEW YORK STEAK', 'ENTRECOTE de boeuf au goût et à la texture remarquable dù à un élevage de qualité.', '25.90', NULL),
(29, '6', NULL, 'T-BONE "PORTERHOUSE" ANGUS', 'Viande exceptionnelle!!! Le préféré de Mister T... Pièce des plus délicate car elle associe la finesse du filet et la puissance du contre-filet.', '38.90', NULL),
(30, '7', NULL, 'LAURYN HILL', 'Poulet laqué aux épices Cajun, ananas et citron vert Accompagné de nos frites maison', '16.50', NULL),
(31, '7', NULL, 'PORK BRISKET', 'Pointe de poitrine de cochon marinée et confite pendant 12 heures...Une cuisson lente donnant un fondant en bouche exceptionnel.', '16.90', NULL),
(32, '7', NULL, 'HEAT WAVE', 'Wings de poulet laquées avec sauce thaï sweet chili, oignons cébette (10 pièces).', '16.50', NULL),
(33, '7', NULL, 'PIG BUDDY', 'Ribs de cochon caramélisés BBQ-COLA.  Bienvenue dans les contrées sauvages!!', '18.50', NULL),
(34, '7', NULL, 'AH TUNA MATATA', 'Tataki de thon mi-cuit mariné soja et croûte de sésame, mousseline de patate douce au gingembre, salade thaï & cajou, coriandre, pamplemousse.', '18.90', NULL),
(35, '7', NULL, 'FISH N’CHIPS', 'Filet de cabillaud pané, sauce tartare. Accompagné de nos frites maison.', '16.90', NULL),
(36, '8', NULL, 'MAMA BETTY’S ROYAL', 'Bun, steak de boeuf terroir, cheddar, lard grillé, sauce BBQ, moutarde au miel, tomate, salade romaine, pickles.', '15.50', NULL),
(37, '8', NULL, 'MÉGA CHEESE', 'Bun, steak de boeuf terroir,fromage double raclette, lard grillé, oignons caramélisés, sauce poivre, tomate, salade.', '16.50', NULL),
(38, '8', NULL, 'LITTLE ITALY', 'Bun, steak de boeuf, feta, olive Kalamata, basilic, Pastrami, concombre, tomates confites,sauce relish. Salade romaine.', '15.90', NULL),
(39, '8', NULL, 'THANOS POWER SHOW', 'Rösti burger..., galette de pDt, steak de boeuf, Cheddar, Jambon de pays crispy, oignons caramélisés, oeuf au plat, salade romaine.', '16.90', NULL),
(40, '8', NULL, 'BELIZE BLUE HOLE', 'Bun, Steak de boeuf, Gorgonzola, coppa crispy, tartare de tomates, mayo épicée, roquette.', '15.90', NULL),
(41, '8', NULL, 'RED HOT', 'Bun, filet de poulet Corn Flakes, sauce yaourt tandoori, guacamole, onion rings, poivre grillé, jalapenos, sauce Betty.', '15.90', NULL),
(42, '10', NULL, 'LEMON PIE', 'Tarte citron survitaminée, meringues cactus, coulis fraise, sorbet framboise.', '7.90', NULL),
(43, '10', NULL, 'CHEESELEADER', 'Le cheescake New-Yorkais au fromage frais et compotée de myrtilles.', '7.90', NULL),
(44, '10', NULL, 'AMERICAN DREAM', 'Brownie fondant au chocolat et Oréo, coulis framboise, glace yaourt.', '7.90', NULL),
(45, '10', NULL, 'WILLY WONKA COOKIE', 'Cookie mi-cuit aux pépites de chocolat, coeur caramel de beurre salé, galce vanille.', '7.90', NULL),
(46, '10', NULL, 'GOURMET COFFEE', 'Mini baba au rhum et fruit du moment, Brownie choco, crème brulée, tartelette citron.', '7.90', NULL),
(47, '10', NULL, 'MILKSHAKE', 'Choisissez votre parfum de glace... Vanille, Fraise ou chocolat, chantilly et mini donut.', '7.90', NULL),
(48, '10', NULL, 'RASPBERRY OLD FASHIONED', 'Glace fraise, glace pistache, glace vanille, biscuits amaretti,coulis de fraise, chantilly.', '7.90', NULL),
(49, '10', NULL, 'BABY'' CHOU', 'Glace vanille x2, glace caramel beurre salé, coulis caramel, chantilly, choucous caramélisés.', '7.90', NULL),
(50, '10', NULL, 'BETTY BROWNIE ICE CREAM', 'Glace vanille x2, glace chocolat noir, brownie fondant, cerise rôties, chantilly, pétales de chocolat.', '7.90', NULL),
(51, '11', NULL, '2 BOULES', 'OU 3 BOULLES ', '4.90', '6.90'),
(52, '11', NULL, 'AU CHOIX DANS LA LISTE CI-DESSOUS:', '(Chocolat noir, vanille, café, praliné, fraise.)', NULL, NULL),
(53, '11', NULL, 'SORBETS:', '(Citron, framboise, mangue.)', NULL, NULL),
(54, '12', NULL, 'BABY DRAGON', 'Rhum Captain Morgan, purée de mangue, sirop de gingembre, basilic frais, jus de lime, limonade.', '9.00', NULL),
(55, '12', NULL, 'BELLA FRAGOLA', 'Campari, Prosecco, purée de fraise, citron vert.', '8.50', NULL),
(56, '12', NULL, 'BELLINI', 'Prosecco, purée de framboise, menthe, citron vert.', '8.50', NULL),
(57, '12', NULL, 'APEROL SPRITZ', 'Apérol, Prosseco, eau gazeuse, orange.', '8.50', NULL),
(58, '12', NULL, 'HUGO SPRITZ', 'Hugo Spritz, liqueur de fleur de sureau, Prosecco, menthe, citron vert, eau gazeuse.', '8.50', NULL),
(59, '12', NULL, 'MOJITO / MOJITO FRAISE', 'Rhum Havana Club, menthe fraîche, citron vert, sucre, eau gazeuse / purée de fraise.', '9.00', '9.50'),
(60, '12', NULL, 'BETTY', 'sans alcool', '6.50', NULL),
(61, '13', NULL, 'ASTRA-blonde', NULL, '5.70', '8.30'),
(62, '13', NULL, 'BROOKLYN LAGER', NULL, '6.30', '9.30'),
(63, '13', NULL, 'BROOKLYN IPA', NULL, '6.50', '9.50'),
(64, '13', NULL, 'BIÈRE DU MOMENT', NULL, '6.50', '9.50'),
(65, '13', NULL, 'PANACHÉ', '/ MONACO', '5.70', '8.30'),
(67, '13', NULL, 'PICON', NULL, '6.30', '9.30'),
(68, '13', NULL, 'SOIF!', 'Brasserie Hoppy road à Maxeville...33cl', '6.50', NULL),
(69, '13', NULL, 'HAZY RIDER IPA', 'Hoppy road....33cl', '6.50', NULL),
(70, '13', NULL, 'HOOPER', 'Blanche Hoppy Road...33cl', '6.50', NULL),
(71, '13', NULL, 'CUBANISTO...33cl', NULL, '6.50', NULL),
(72, '13', NULL, 'LES LOCALES', 'Sélection Maltazar, demandez-nous!!!!...33cl', '6.50', NULL),
(73, '14', NULL, 'COCA COLA-COCA', 'ZERO-CHERRY', '3.90', NULL),
(74, '14', NULL, 'ZERO-CHERRY', NULL, '3.90', NULL),
(75, '14', NULL, 'FUZETEA', NULL, '3.90', NULL),
(76, '14', NULL, 'JUS DE FRUITS', 'Fraise, pomme bio, orange bio, tomate, jus d''ananas', '3.90', NULL),
(77, '14', NULL, 'FANTA', NULL, '3.90', NULL),
(78, '14', NULL, 'ORANGINA', NULL, '3.90', NULL),
(79, '14', NULL, 'PERRIER', NULL, '3.90', NULL),
(80, '14', NULL, 'SCHWEPPES AGRUMES', NULL, '3.90', NULL),
(81, '14', NULL, 'ORGANICS', NULL, '3.90', NULL),
(82, '14', NULL, 'DIABOLO', 'menthe, fraise, violette, kiwi, citron, banane, cerise, pêche, grenadine, ananas, citron acidulé.', '3.90', NULL),
(83, '14', NULL, 'VITTEL / EAU DE PERRIER....100cl', NULL, '5.50', NULL),
(84, '14', NULL, 'VITTEL / EAU DE PERRIER....50cl', NULL, '3.90', NULL),
(85, '15', NULL, 'KIR', NULL, '5.00', NULL),
(86, '15', NULL, 'KIR PÉTILLANT', NULL, '5.50', NULL),
(87, '15', NULL, 'PROSECCO', NULL, '5.50', NULL),
(88, '15', NULL, 'MARTINI ROUGE-BLANC',NULL, '5.50', NULL),
(89, '15', NULL, 'RICARD', NULL, '3.50', NULL),
(90, '15', NULL, 'COUPE CHAMPAGNE', NULL, '9.50', NULL),
(91, '15', NULL, 'KIR ROYAL', NULL, '9.50', NULL),
(92, '16',NULL, 'COME TO DADDY', 'Surprise!!', '4.00', NULL),
(93, '16',NULL, 'BANANA SPLIT', 'Crème de banane, Rhum Havana Club, crème de cacao, Vodka', '4.00', NULL),
(94, '16',NULL, 'SCREAMING ORGASM', 'Bailey''s, Amaretto, Kahluà.', '4.50', NULL),
(95, '16',NULL, 'CHUCK NORRIS', 'Absinthe, Rhum Captain Morgan, Chartreuse Verte', '5.00', NULL),
(96, '17', NULL, 'DOMAINE DU TARIQUET', '"Classic"', '4.90', '9.30'),
(97, '17', NULL, 'DOMAINE DE JOY', 'MOELLEUX-IGP GASCOGNE', '5.50', '10.50'),
(98, '17', NULL, 'CHARDONNET', 'IGP PAYS D OC', '5.50', '10.50'),
(99, '17', NULL, 'SAINT-VERAN', 'Domaine des Terres Secrètes', '6.90', '13.20'),
(100, '17', NULL, 'PINOT NOIR', 'ST-Nicolas de Bourgueil - IGP Côte de Gascogne', '5.50', '10.50'),
(101, '17', NULL, 'CÔTES DE BLAY', '"EXPRESSION" Domaine Taluau - Bordeaux', '6.50', '12.30'),
(102, '17', NULL, 'CHÂTEAU LA CASSAGNE-BOUTET', 'CÔTE DU LUBERON', '5.50', '10.80'),
(103, '17', NULL, 'CÔTE DU LUBERON', '"Eléphant Rose" - Domaine Perrin', '5.50', '10.80'),
(104, '17', NULL, 'CÔTEAUX D''AIX EN PROVENCE', '"Eléphant Rose" - Domaine Perrin', '6.50', '12.30'),
(105, '17', NULL, 'CHAMPAGNE', 'Domaine Adrien BERGERE', '9.00', NULL);


INSERT INTO `versionPlat` (`ver_id`, `ver_pla_id`, `ver_image`, `ver_declinaison`, `ver_prix`) VALUES
(1, '6', NULL, 'Poulet croustillant', '15.90'),
(2, '6', NULL, 'Crevette', '15.90'),
(3, '6', NULL, 'Bacon', '14.50'),
(4, '11', NULL, '+ cheddar fondu', '2.00');
